Workbook

Sheet Lisez-moi
A1: Prototype de scoring — Jeu de cartes football roguelike
A3: But de ce fichier : valider que les mains marquent des points équilibrés AVANT de coder l'UI.
A5: Onglets :
A6: 1. Deck — les 65 cartes (5 Championnats x 13 Notes). Cases jaunes = à remplir par toi (Joueur, Nationalité).
A7: 2. Bareme — les valeurs Points/Mult de chaque type de main. Cases bleues = leviers d'équilibrage à ajuster.
A8: 3. Simulateur — choisis 5 ID de cartes (cases bleues/jaunes), le fichier détecte la main et calcule le score.
A9: 4. Seuils — les scores à battre par Journée/Match. Cases bleues = à ajuster.
A11: Convention couleurs : texte bleu = valeur à saisir/modifier, texte noir = formule (ne pas toucher), fond jaune = à compléter.
A13: Note : tant que la colonne Nationalité du Deck n'est pas remplie, le bonus Nationalité du Simulateur restera à 0 pour ces cartes (c'est voulu, pas un bug).
A15: ⚠️ Rappel : les vrais noms de joueurs posent un risque de droit à l'image en cas de publication/monétisation — voir le GDD, section 9.

Sheet Deck
A1: ID | B1: Championnat | C1: Symbole | D1: Note | E1: Joueur | F1: Nationalite
A2: 1 | B2: Premier League | C2: As | D2: 14 | E2: Thierry Henry | F2: France
A3: 2 | B3: Premier League | C3: Roi | D3: 13 | E3: Cristiano Ronaldo | F3: Portugal
A4: 3 | B4: Premier League | C4: Dame | D4: 12 | E4: Steven Gerrard | F4: Angleterre
A5: 4 | B5: Premier League | C5: Valet | D5: 11 | E5: Frank Lampard | F5: Angleterre
A6: 5 | B6: Premier League | C6: 10 | D6: 10 | E6: Didier Drogba | F6: Cote d'Ivoire
A7: 6 | B7: Premier League | C7: 9 | D7: 9 | E7: Sergio Aguero | F7: Argentine
A8: 7 | B8: Premier League | C8: 8 | D8: 8 | E8: Eric Cantona | F8: France
A9: 8 | B9: Premier League | C9: 7 | D9: 7 | E9: Ryan Giggs | F9: Pays de Galles
A10: 9 | B10: Premier League | C10: 6 | D10: 6 | E10: Roy Keane | F10: Irlande
A11: 10 | B11: Premier League | C11: 5 | D11: 5 | E11: Peter Schmeichel | F11: Danemark
A12: 11 | B12: Premier League | C12: 4 | D12: 4 | E12: John Terry | F12: Angleterre
A13: 12 | B13: Premier League | C13: 3 | D13: 3 | E13: Patrick Vieira | F13: France
... A66: 65 | B66: Ligue 1 | C66: 2 | D66: 2 | E66: Mathieu Valbuena | F66: France

Sheet Bareme
A1: Nom Balatro | B1: Nom foot | C1: Condition | D1: Base Points | E1: Base Mult
A2: Carte haute | B2: Solo | C2: 1 carte | D2: 5 | E2: 1
A3: Paire | B3: Duo | C3: 2 memes Note | D3: 10 | E3: 2
A4: Double paire | B4: Double Duo | C4: 2x2 memes Note | D4: 20 | E4: 2
A5: Brelan | B5: Trio offensif | C5: 3 memes Note | D5: 30 | E5: 3
A6: Suite | B6: Enchainement | C6: 5 Notes consecutives | D6: 30 | E6: 4
A7: Couleur | B7: Alignement | C7: 5 meme Championnat | D7: 35 | E7: 4
A8: Full | B8: Full | C8: Trio + Duo | D8: 40 | E8: 4
A9: Carre | B9: Carre magique | C9: 4 memes Note | D9: 60 | E9: 7
A10: (nouveau - 5 championnats) | B10: Cinq identique | C10: 5 memes Note (5 championnats differents) | D10: 80 | E10: 9
A11: Quinte flush | B11: Selection parfaite | C11: Enchainement + Alignement | D11: 100 | E11: 8
A12: Quinte flush royale | B12: Onze de legende | C12: Selection parfaite avec As-Roi-Dame-Valet-10 | D12: 160 | E12: 12
A14: Leviers de bonus (couche Nationalite / combo double)
A15: Bonus mult par paire de meme Nationalite | B15: 0.5
A16: Bonus mult supplementaire par paire Championnat+Nationalite (combo double) | B16: 0.5

Sheet Simulateur
A1: SIMULATEUR DE MAIN — saisis 5 ID de cartes (voir onglet Deck)
B3: Slot 1 | C3: Slot 2 | D3: Slot 3 | E3: Slot 4 | F3: Slot 5
A4: ID carte (1-65) | B4: 1 | C4: 2 | D4: 3 | E4: 4 | F4: 5
A5: Championnat | B5: =IFERROR(INDEX(Deck!$B$2:$B$66,MATCH(B4,Deck!$A$2:$A$66,0)),"?") -> Premier League | C5: =IFERROR(INDEX(Deck!$B$2:$B$66,MATCH(C4,Deck!$A$2:$A$66,0)),"?") -> Premier League | D5: =IFERROR(INDEX(Deck!$B$2:$B$66,MATCH(D4,Deck!$A$2:$A$66,0)),"?") -> Premier League | E5: =IFERROR(INDEX(Deck!$B$2:$B$66,MATCH(E4,Deck!$A$2:$A$66,0)),"?") -> Premier League | F5: =IFERROR(INDEX(Deck!$B$2:$B$66,MATCH(F4,Deck!$A$2:$A$66,0)),"?") -> Premier League
A6: Note (2-14) | B6: =IFERROR(INDEX(Deck!$D$2:$D$66,MATCH(B4,Deck!$A$2:$A$66,0)),"?") -> 14 | C6: =IFERROR(INDEX(Deck!$D$2:$D$66,MATCH(C4,Deck!$A$2:$A$66,0)),"?") -> 13 | D6: =IFERROR(INDEX(Deck!$D$2:$D$66,MATCH(D4,Deck!$A$2:$A$66,0)),"?") -> 12 | E6: =IFERROR(INDEX(Deck!$D$2:$D$66,MATCH(E4,Deck!$A$2:$A$66,0)),"?") -> 11 | F6: =IFERROR(INDEX(Deck!$D$2:$D$66,MATCH(F4,Deck!$A$2:$A$66,0)),"?") -> 10
A7: Symbole | B7: =IFERROR(INDEX(Deck!$C$2:$C$66,MATCH(B4,Deck!$A$2:$A$66,0)),"?") -> As | C7: =IFERROR(INDEX(Deck!$C$2:$C$66,MATCH(C4,Deck!$A$2:$A$66,0)),"?") -> Roi | D7: =IFERROR(INDEX(Deck!$C$2:$C$66,MATCH(D4,Deck!$A$2:$A$66,0)),"?") -> Dame | E7: =IFERROR(INDEX(Deck!$C$2:$C$66,MATCH(E4,Deck!$A$2:$A$66,0)),"?") -> Valet | F7: =IFERROR(INDEX(Deck!$C$2:$C$66,MATCH(F4,Deck!$A$2:$A$66,0)),"?") -> 10
A8: Joueur | B8: =IFERROR(INDEX(Deck!$E$2:$E$66,MATCH(B4,Deck!$A$2:$A$66,0))&"","?") -> Thierry Henry | C8: =IFERROR(INDEX(Deck!$E$2:$E$66,MATCH(C4,Deck!$A$2:$A$66,0))&"","?") -> Cristiano Ronaldo | D8: =IFERROR(INDEX(Deck!$E$2:$E$66,MATCH(D4,Deck!$A$2:$A$66,0))&"","?") -> Steven Gerrard | E8: =IFERROR(INDEX(Deck!$E$2:$E$66,MATCH(E4,Deck!$A$2:$A$66,0))&"","?") -> Frank Lampard | F8: =IFERROR(INDEX(Deck!$E$2:$E$66,MATCH(F4,Deck!$A$2:$A$66,0))&"","?") -> Didier Drogba
A9: Nationalite | B9: =IFERROR(INDEX(Deck!$F$2:$F$66,MATCH(B4,Deck!$A$2:$A$66,0))&"","?") -> France | C9: =IFERROR(INDEX(Deck!$F$2:$F$66,MATCH(C4,Deck!$A$2:$A$66,0))&"","?") -> Portugal | D9: =IFERROR(INDEX(Deck!$F$2:$F$66,MATCH(D4,Deck!$A$2:$A$66,0))&"","?") -> Angleterre | E9: =IFERROR(INDEX(Deck!$F$2:$F$66,MATCH(E4,Deck!$A$2:$A$66,0))&"","?") -> Angleterre | F9: =IFERROR(INDEX(Deck!$F$2:$F$66,MATCH(F4,Deck!$A$2:$A$66,0))&"","?") -> Cote d'Ivoire
A10: Occurrences meme Note | B10: =COUNTIF($B$6:$F$6,B6) -> 1 | C10: =COUNTIF($B$6:$F$6,C6) -> 1 | D10: =COUNTIF($B$6:$F$6,D6) -> 1 | E10: =COUNTIF($B$6:$F$6,E6) -> 1 | F10: =COUNTIF($B$6:$F$6,F6) -> 1
A11: Occurrences meme Championnat | B11: =COUNTIF($B$5:$F$5,B5) -> 5 | C11: =COUNTIF($B$5:$F$5,C5) -> 5 | D11: =COUNTIF($B$5:$F$5,D5) -> 5 | E11: =COUNTIF($B$5:$F$5,E5) -> 5 | F11: =COUNTIF($B$5:$F$5,F5) -> 5
A13: DETECTION DE LA MAIN
A14: Nb de Notes en occurrence=2 (paires) | B14: =COUNTIF($B$10:$F$10,2) -> 0
A15: Nb de Notes en occurrence=3 | B15: =COUNTIF($B$10:$F$10,3) -> 0
A16: Nb de Notes en occurrence=4 | B16: =COUNTIF($B$10:$F$10,4) -> 0
A17: Nb de Notes en occurrence=5 (Cinq identique) | B17: =COUNTIF($B$10:$F$10,5) -> 0
A18: Nb de Notes en occurrence=1 | B18: =COUNTIF($B$10:$F$10,1) -> 5
A19: Alignement (5 meme Championnat) ? | B19: =MAX($B$11:$F$11)=5 -> TRUE
A20: Enchainement (5 Notes consecutives) ? | B20: =AND(MAX($B$6:$F$6)-MIN($B$6:$F$6)=4,B18=5) -> TRUE
A21: Top 5 exactes (As-Roi-Dame-Valet-10) ? | B21: =AND(MIN($B$6:$F$6)=10,MAX($B$6:$F$6)=14,B18=5) -> TRUE
A23: TYPE DE MAIN DETECTE | B23: =IF(AND(B20,B19,B21),"Onze de legende",IF(AND(B20,B19),"Selection parfaite",IF(B17=5,"Cinq identique",IF(B16=4,"Carre magique",IF(AND(B15=3,B14=2),"Full",IF(B19,"Alignement",IF(B20,"Enchainement",IF(B15=3,"Trio offensif",IF(B14=4,"Double Duo",IF(B14=2,"Duo","Solo")))))))))) -> Onze de legende
A25: Points de base (Bareme) | B25: =INDEX(Bareme!$D$2:$D$12,MATCH($B$23,Bareme!$B$2:$B$12,0)) -> 160
A26: Mult de base (Bareme) | B26: =INDEX(Bareme!$E$2:$E$12,MATCH($B$23,Bareme!$B$2:$B$12,0)) -> 12
A28: Paires meme Nationalite (detail, hors cases vides) | B28: =IF(AND(B9=C9,B9<>""),1,0) -> 0 | C28: =IF(AND(B9=D9,B9<>""),1,0) -> 0 | D28: =IF(AND(B9=E9,B9<>""),1,0) -> 0 | E28: =IF(AND(B9=F9,B9<>""),1,0) -> 0 | F28: =IF(AND(C9=D9,C9<>""),1,0) -> 0
A29: (suite) | B29: =IF(AND(C9=E9,C9<>""),1,0) -> 0 | C29: =IF(AND(C9=F9,C9<>""),1,0) -> 0 | D29: =IF(AND(D9=E9,D9<>""),1,0) -> 1 | E29: =IF(AND(D9=F9,D9<>""),1,0) -> 0 | F29: =IF(AND(E9=F9,E9<>""),1,0) -> 0
A31: Nb de paires meme Nationalite | B31: =SUM(B28:F28)+SUM(B29:F29) -> 1
A32: Bonus mult Nationalite | B32: =B31*Bareme!$B$15 -> 0.5
A34: Paires Championnat+Nationalite identiques (detail) | B34: =IF(AND(B5=C5,B9=C9,B9<>""),1,0) -> 0 | C34: =IF(AND(B5=D5,B9=D9,B9<>""),1,0) -> 0 | D34: =IF(AND(B5=E5,B9=E9,B9<>""),1,0) -> 0 | E34: =IF(AND(B5=F5,B9=F9,B9<>""),1,0) -> 0 | F34: =IF(AND(C5=D5,C9=D9,C9<>""),1,0) -> 0
A35: (suite) | B35: =IF(AND(C5=E5,C9=E9,C9<>""),1,0) -> 0 | C35: =IF(AND(C5=F5,C9=F9,C9<>""),1,0) -> 0 | D35: =IF(AND(D5=E5,D9=E9,D9<>""),1,0) -> 1 | E35: =IF(AND(D5=F5,D9=F9,D9<>""),1,0) -> 0 | F35: =IF(AND(E5=F5,E9=F9,E9<>""),1,0) -> 0
A37: Nb de paires Championnat+Nationalite (combo double) | B37: =SUM(B34:F34)+SUM(B35:F35) -> 1
A38: Bonus mult combo double (Championnat+Nationalite) | B38: =B37*Bareme!$B$16 -> 0.5
A40: MULT FINAL | B40: =B26+B32+B38 -> 13
A41: SCORE FINAL (Points x Mult) | B41: =B25*B40 -> 2080

Sheet Seuils
A1: Journee | B1: Match | C1: Seuil (score requis) | D1: Resultat vs Simulateur
A2: 1 | B2: Match aller | C2: 100 | D2: =IF(Simulateur!$B$41>=C2,"OK Reussi","KO Echec") -> OK Reussi
A3: 1 | B3: Match retour | C3: 150 | D3: =IF(Simulateur!$B$41>=C3,"OK Reussi","KO Echec") -> OK Reussi
A4: 1 | B4: Grand Rival | C4: 300 | D4: =IF(Simulateur!$B$41>=C4,"OK Reussi","KO Echec") -> OK Reussi
A5: 2 | B5: Match aller | C5: 300 | D5: =IF(Simulateur!$B$41>=C5,"OK Reussi","KO Echec") -> OK Reussi
A6: 2 | B6: Match retour | C6: 450 | D6: =IF(Simulateur!$B$41>=C6,"OK Reussi","KO Echec") -> OK Reussi
A7: 2 | B7: Grand Rival | C7: 900 | D7: =IF(Simulateur!$B$41>=C7,"OK Reussi","KO Echec") -> OK Reussi
A8: 3 | B8: Match aller | C8: 800 | D8: =IF(Simulateur!$B$41>=C8,"OK Reussi","KO Echec") -> OK Reussi
A9: 3 | B9: Match retour | C9: 1200 | D9: =IF(Simulateur!$B$41>=C9,"OK Reussi","KO Echec") -> OK Reussi
A10: 3 | B10: Grand Rival | C10: 2400 | D10: =IF(Simulateur!$B$41>=C10,"OK Reussi","KO Echec") -> KO Echec
A11: 4 | B11: Match aller | C11: 2000 | D11: =IF(Simulateur!$B$41>=C11,"OK Reussi","KO Echec") -> OK Reussi
A12: 4 | B12: Match retour | C12: 3000 | D12: =IF(Simulateur!$B$41>=C12,"OK Reussi","KO Echec") -> KO Echec
A13: 4 | B13: Grand Rival | C13: 6000 | D13: =IF(Simulateur!$B$41>=C13,"OK Reussi","KO Echec") -> KO Echec
... A25: 8 | B25: Grand Rival | C25: 105000 | D25: =IF(Simulateur!$B$41>=C25,"OK Reussi","KO Echec") -> KO Echec
A27: Note: seuils inspires de la progression Balatro, a ajuster librement (cases bleues).

Sheet Exemples
A1: Main | B1: Joueurs utilises | C1: Points base | D1: Mult base | E1: Paires Nationalite | F1: Bonus Nat | G1: Paires Combo double | H1: Bonus Combo | I1: Mult final | J1: SCORE
A2: Duo | B2: Eric Cantona, Jean-Pierre Papin, Lionel Messi, Manuel Neuer, Ronaldinho | C2: 10 | D2: 2 | E2: 1 | F2: 0.5 | G2: 0 | H2: 0 | I2: 2.5 | J2: 25
A3: Trio offensif | B3: Sergio Aguero, Raul Gonzalez, Roberto Baggio, Oliver Kahn, Youri Djorkaeff | C3: 30 | D3: 3 | E3: 0 | F3: 0 | G3: 0 | H3: 0 | I3: 3 | J3: 90
A4: Full | B4: Sergio Aguero, Raul Gonzalez, Roberto Baggio, Eric Cantona, Jean-Pierre Papin | C4: 40 | D4: 4 | E4: 1 | F4: 0.5 | G4: 0 | H4: 0 | I4: 4.5 | J4: 180
A5: Alignement (combo double) | B5: Franz Beckenbauer, Robert Lewandowski, Karl-Heinz Rummenigge, Michael Ballack, Philipp Lahm | C5: 35 | D5: 4 | E5: 6 | F5: 3 | G5: 6 | H5: 3 | I5: 10 | J5: 350
A6: Enchainement | B6: Didier Drogba, Raul Gonzalez, Zinedine Zidane, Arjen Robben, Thiago Silva | C6: 30 | D6: 4 | E6: 0 | F6: 0 | G6: 0 | H6: 0 | I6: 4 | J6: 120
A7: Carre magique | B7: Ryan Giggs, Karim Benzema, Gianluigi Buffon, Arjen Robben, David Ginola | C7: 60 | D7: 7 | E7: 1 | F7: 0.5 | G7: 0 | H7: 0 | I7: 7.5 | J7: 450
A8: Cinq identique | B8: Thierry Henry, Lionel Messi, Diego Maradona, Franz Beckenbauer, Kylian Mbappe | C8: 80 | D8: 9 | E8: 2 | F8: 1 | G8: 0 | H8: 0 | I8: 10 | J8: 800
A9: Selection parfaite | B9: Raul Gonzalez, Iker Casillas, Karim Benzema, Sergio Ramos, Luis Suarez | C9: 100 | D9: 8 | E9: 3 | F9: 1.5 | G9: 3 | H9: 1.5 | I9: 11 | J9: 1100
A10: Onze de legende | B10: Thierry Henry, Cristiano Ronaldo, Steven Gerrard, Frank Lampard, Didier Drogba | C10: 160 | D10: 12 | E10: 1 | F10: 0.5 | G10: 1 | H10: 0.5 | I10: 13 | J10: 2080
A12: Ces 9 exemples sont calcules (memes formules que l'onglet Simulateur) pour montrer l'echelle de score. Copie les ID dans le Simulateur pour verifier / explorer d'autres combinaisons.
